{"sections":{"image_banner_87eXBc":{"type":"image-banner","blocks":{"heading_fUj7nw":{"type":"heading","disabled":true,"settings":{"heading":"Image banner","heading_size":"h1"}},"text_ThpEaM":{"type":"text","disabled":true,"settings":{"text":"Give customers details about the banner image(s) or content on the template.","text_style":"body"}},"buttons_aHigzT":{"type":"buttons","disabled":true,"settings":{"button_label_1":"Button label","button_link_1":"","button_style_secondary_1":false,"button_label_2":"Button label","button_link_2":"","button_style_secondary_2":false}}},"block_order":["heading_fUj7nw","text_ThpEaM","buttons_aHigzT"],"settings":{"image":"shopify:\/\/shop_images\/Shapercult_banner_Web.png","image_overlay_opacity":0,"image_height":"medium","desktop_content_position":"middle-center","show_text_box":true,"desktop_content_alignment":"center","color_scheme":"scheme-e541cef6-c43f-443f-ad5e-58d875dc932b","image_behavior":"none","mobile_content_alignment":"center","stack_images_on_mobile":true,"show_text_below":true}},"image-with-text":{"type":"image-with-text","blocks":{"heading":{"type":"heading","settings":{"heading":"Browse our latest products","heading_size":"h1"}},"button":{"type":"button","settings":{"button_label":"Shop now","button_link":"shopify:\/\/collections\/all","button_style_secondary":false}}},"block_order":["heading","button"],"settings":{"height":"large","desktop_image_width":"large","layout":"text_first","desktop_content_position":"middle","desktop_content_alignment":"left","content_layout":"overlap","section_color_scheme":"scheme-1","color_scheme":"scheme-2","image_behavior":"none","mobile_content_alignment":"left","padding_top":0,"padding_bottom":0}},"featured-collection":{"type":"featured-collection","settings":{"title":"Featured products","heading_size":"h2","description":"","show_description":false,"description_style":"body","collection":"all","products_to_show":4,"columns_desktop":4,"full_width":false,"show_view_all":false,"view_all_style":"solid","enable_desktop_slider":false,"color_scheme":"scheme-1","image_ratio":"square","image_shape":"default","show_secondary_image":true,"show_vendor":false,"show_rating":false,"quick_add":"none","columns_mobile":"2","swipe_on_mobile":true,"padding_top":56,"padding_bottom":68}},"1745219572d9940217":{"type":"apps","settings":{"include_margins":true}}},"order":["image_banner_87eXBc","image-with-text","featured-collection","1745219572d9940217"]}