{"name":"t:sections.header.name","type":"header","sections":{"announcement-bar":{"type":"announcement-bar","blocks":{"announcement-bar-0":{"type":"announcement","settings":{"text":"FREE SHIPPING | COD AVAILABLE | EASY RETURNS","link":"\/"}},"announcement_6pwaMp":{"type":"announcement","settings":{"text":"FLAT 200 Off on orders above 3000\/-","link":""}},"announcement_8Paxbd":{"type":"announcement","settings":{"text":"FLAT 500 Off on orders above 4000\/-","link":"\/"}}},"block_order":["announcement-bar-0","announcement_6pwaMp","announcement_8Paxbd"],"settings":{"color_scheme":"scheme-8af3230b-7d7a-49d3-aa87-530fd48ead54","show_line_separator":true,"show_social":false,"auto_rotate":true,"change_slides_speed":3,"enable_country_selector":false,"enable_language_selector":false}},"header":{"type":"header","settings":{"logo_position":"middle-center","menu":"main-menu","menu_type_desktop":"dropdown","sticky_header_type":"on-scroll-up","show_line_separator":false,"color_scheme":"scheme-e541cef6-c43f-443f-ad5e-58d875dc932b","menu_color_scheme":"scheme-1","enable_country_selector":true,"enable_language_selector":true,"enable_customer_avatar":true,"mobile_logo_position":"center","margin_bottom":24,"padding_top":20,"padding_bottom":20}}},"order":["announcement-bar","header"]}