{"current":{"logo":"shopify:\/\/shop_images\/shapercult_logo.png","logo_width":160,"type_header_font":"poppins_n5","heading_scale":120,"type_body_font":"poppins_n4","body_scale":100,"page_width":1200,"spacing_sections":36,"spacing_grid_horizontal":40,"spacing_grid_vertical":40,"animations_reveal_on_scroll":true,"animations_hover_elements":"none","buttons_border_thickness":1,"buttons_border_opacity":55,"buttons_radius":10,"buttons_shadow_opacity":0,"buttons_shadow_horizontal_offset":0,"buttons_shadow_vertical_offset":4,"buttons_shadow_blur":5,"variant_pills_border_thickness":0,"variant_pills_border_opacity":10,"variant_pills_radius":10,"variant_pills_shadow_opacity":0,"variant_pills_shadow_horizontal_offset":0,"variant_pills_shadow_vertical_offset":4,"variant_pills_shadow_blur":5,"inputs_border_thickness":1,"inputs_border_opacity":55,"inputs_radius":10,"inputs_shadow_opacity":0,"inputs_shadow_horizontal_offset":0,"inputs_shadow_vertical_offset":4,"inputs_shadow_blur":5,"card_style":"card","card_image_padding":0,"card_text_alignment":"center","card_color_scheme":"scheme-1","card_border_thickness":0,"card_border_opacity":10,"card_corner_radius":12,"card_shadow_opacity":5,"card_shadow_horizontal_offset":10,"card_shadow_vertical_offset":10,"card_shadow_blur":35,"collection_card_style":"card","collection_card_image_padding":0,"collection_card_text_alignment":"center","collection_card_color_scheme":"scheme-1","collection_card_border_thickness":0,"collection_card_border_opacity":10,"collection_card_corner_radius":12,"collection_card_shadow_opacity":5,"collection_card_shadow_horizontal_offset":10,"collection_card_shadow_vertical_offset":10,"collection_card_shadow_blur":35,"blog_card_style":"card","blog_card_image_padding":0,"blog_card_text_alignment":"center","blog_card_color_scheme":"scheme-1","blog_card_border_thickness":0,"blog_card_border_opacity":10,"blog_card_corner_radius":12,"blog_card_shadow_opacity":5,"blog_card_shadow_horizontal_offset":10,"blog_card_shadow_vertical_offset":10,"blog_card_shadow_blur":35,"text_boxes_border_thickness":0,"text_boxes_border_opacity":10,"text_boxes_radius":24,"text_boxes_shadow_opacity":0,"text_boxes_shadow_horizontal_offset":10,"text_boxes_shadow_vertical_offset":12,"text_boxes_shadow_blur":20,"media_border_thickness":0,"media_border_opacity":10,"media_radius":12,"media_shadow_opacity":10,"media_shadow_horizontal_offset":10,"media_shadow_vertical_offset":12,"media_shadow_blur":20,"popup_border_thickness":1,"popup_border_opacity":10,"popup_corner_radius":22,"popup_shadow_opacity":10,"popup_shadow_horizontal_offset":10,"popup_shadow_vertical_offset":12,"popup_shadow_blur":20,"drawer_border_thickness":1,"drawer_border_opacity":10,"drawer_shadow_opacity":0,"drawer_shadow_horizontal_offset":0,"drawer_shadow_vertical_offset":4,"drawer_shadow_blur":5,"badge_position":"bottom left","badge_corner_radius":20,"sale_badge_color_scheme":"scheme-5","sold_out_badge_color_scheme":"scheme-3","brand_headline":"","brand_description":"<p><\/p>","brand_image_width":100,"social_facebook_link":"","social_instagram_link":"","social_youtube_link":"","social_tiktok_link":"","social_twitter_link":"","social_snapchat_link":"","social_pinterest_link":"","social_tumblr_link":"","social_vimeo_link":"","predictive_search_enabled":true,"predictive_search_show_vendor":false,"predictive_search_show_price":true,"currency_code_enabled":true,"cart_type":"notification","show_vendor":false,"show_cart_note":true,"cart_drawer_collection":"","cart_color_scheme":"scheme-1","sections":{"main-password-header":{"type":"main-password-header","settings":{"color_scheme":"scheme-1"}},"main-password-footer":{"type":"main-password-footer","settings":{"color_scheme":"scheme-1"}}},"content_for_index":[],"blocks":{"3577669850698438243":{"type":"shopify:\/\/apps\/preorder-now-wod-preorders\/blocks\/app-embed\/fdf17d17-ef12-4a7b-8383-20cc1fc2a4b6","disabled":true,"settings":{}},"17550530943902319648":{"type":"shopify:\/\/apps\/appikon-back-in-stock\/blocks\/subscribe_it_helper\/eb949c69-b3e6-4216-a322-1cd63915d46d","disabled":false,"settings":{}},"14060646107696862457":{"type":"shopify:\/\/apps\/judge-me-reviews\/blocks\/judgeme_core\/61ccd3b1-a9f2-4160-9fe9-4fec8413e5d8","disabled":false,"settings":{}},"18378115731771045039":{"type":"shopify:\/\/apps\/miniorange-otp-login-register\/blocks\/otp-login-popup\/dba67ab6-2825-41e1-83fd-7500e426945d","disabled":false,"settings":{}},"6610233760104865948":{"type":"shopify:\/\/apps\/pushowl-brevo-email-push-sms\/blocks\/pushowl-app-embed-3d2ff2b5\/fa20c3ba-38bf-43e0-ba5c-431f6ae07d95","disabled":false,"settings":{}},"15796953133730294439":{"type":"shopify:\/\/apps\/growave-loyalty-wishlist\/blocks\/block.embed.socialshopwave-helper\/b3d2efbe-110a-4e27-84a8-1f2ed63996a4","disabled":true,"settings":{"disable_shadow_root_globally":false}},"6174324309569838175":{"type":"shopify:\/\/apps\/smile-io\/blocks\/smile-shopify-app\/2fae4e25-1841-4ea2-bc02-bd548478c4f6","disabled":true,"settings":{}},"11560147490181472608":{"type":"shopify:\/\/apps\/rivo-loyalty-rewards-referrals\/blocks\/app-embed\/580e9665-b2cd-4dbc-b6ba-6445ac9e6871","disabled":true,"settings":{}},"8962992520437913685":{"type":"shopify:\/\/apps\/yotpo-loyalty-rewards\/blocks\/loader-app-embed-block\/2f9660df-5018-4e02-9868-ee1fb88d6ccd","disabled":true,"settings":{"inject_modules_loader":true,"inject_sdk_loader":true}},"18423266570658624584":{"type":"shopify:\/\/apps\/beast-currency-converter\/blocks\/doubly\/267afa86-a419-4d5b-a61b-556038e7294d","disabled":true,"settings":{}},"5852681610843478489":{"type":"shopify:\/\/apps\/spurit-multi-currency-switcher\/blocks\/app-embed-block\/2cc9619f-a737-47fd-9fcd-b9015d101c42","disabled":true,"settings":{}},"15891388892413262111":{"type":"shopify:\/\/apps\/essential-loyalty\/blocks\/theme-extension\/bb1b2244-edbc-4be2-b271-04fde65a5c2f","disabled":false,"settings":{}},"15871026291228209630":{"type":"shopify:\/\/apps\/sc-conjured-referrals\/blocks\/embed-floating-button\/259a1e76-fe9f-44e8-b3bd-171319d52fc6","disabled":true,"settings":{"button_text":"Shapercult Reward","button_background":"#bb5237","button_color":"#ffffff","referral_display":"popup","campaign_id":"10816","referral_link":"","custom_css":""}}},"color_schemes":{"scheme-1":{"settings":{"background":"#fdfbf7","background_gradient":"linear-gradient(180deg, rgba(240, 244, 236, 1), rgba(241, 235, 226, 1) 100%)","text":"#2e2a39","button":"#bb5237","button_label":"#fdfbf7","secondary_button_label":"#2e2a39","shadow":"#2e2a39"}},"scheme-2":{"settings":{"background":"#edffa7","background_gradient":"radial-gradient(rgba(255, 229, 229, 1), rgba(255, 224, 218, 1) 25%, rgba(215, 255, 137, 1) 100%)","text":"#2e2a39","button":"#2e2a39","button_label":"#edffa7","secondary_button_label":"#2e2a39","shadow":"#2e2a39"}},"scheme-3":{"settings":{"background":"#2e2a39","background_gradient":"","text":"#fdfbf7","button":"#fdfbf7","button_label":"#2e2a39","secondary_button_label":"#fdfbf7","shadow":"#2e2a39"}},"scheme-4":{"settings":{"background":"#9b046f","background_gradient":"","text":"#fdfbf7","button":"#fdfbf7","button_label":"#9b046f","secondary_button_label":"#fdfbf7","shadow":"#2e2a39"}},"scheme-5":{"settings":{"background":"#5e3653","background_gradient":"linear-gradient(320deg, rgba(134, 16, 106, 1), rgba(94, 54, 83, 1) 100%)","text":"#fdfbf7","button":"#fdfbf7","button_label":"#5e3653","secondary_button_label":"#fdfbf7","shadow":"#2e2a39"}},"scheme-8af3230b-7d7a-49d3-aa87-530fd48ead54":{"settings":{"background":"#bb5237","background_gradient":"linear-gradient(180deg, rgba(187, 82, 55, 1), rgba(241, 235, 226, 1) 100%)","text":"#ffffff","button":"#ffffff","button_label":"#fdfbf7","secondary_button_label":"#ffffff","shadow":"#ffffff"}},"scheme-e541cef6-c43f-443f-ad5e-58d875dc932b":{"settings":{"background":"#ffffff","background_gradient":"linear-gradient(180deg, rgba(255, 255, 255, 1), rgba(241, 235, 226, 1) 100%)","text":"#000000","button":"#000000","button_label":"#ffffff","secondary_button_label":"#2e2a39","shadow":"#2e2a39"}}}},"presets":{"Default":{"logo_width":70,"color_schemes":{"scheme-1":{"settings":{"background":"#FDFBF7","background_gradient":"linear-gradient(180deg, rgba(240, 244, 236, 1), rgba(241, 235, 226, 1) 100%)","text":"#2E2A39","button":"#9B046F","button_label":"#FDFBF7","secondary_button_label":"#2E2A39","shadow":"#2E2A39"}},"scheme-2":{"settings":{"background":"#EDFFA7","background_gradient":"radial-gradient(rgba(255, 229, 229, 1), rgba(255, 224, 218, 1) 25%, rgba(215, 255, 137, 1) 100%)","text":"#2E2A39","button":"#2E2A39","button_label":"#EDFFA7","secondary_button_label":"#2E2A39","shadow":"#2E2A39"}},"scheme-3":{"settings":{"background":"#2E2A39","background_gradient":"","text":"#FDFBF7","button":"#FDFBF7","button_label":"#2E2A39","secondary_button_label":"#FDFBF7","shadow":"#2E2A39"}},"scheme-4":{"settings":{"background":"#9B046F","background_gradient":"","text":"#FDFBF7","button":"#FDFBF7","button_label":"#9B046F","secondary_button_label":"#FDFBF7","shadow":"#2E2A39"}},"scheme-5":{"settings":{"background":"#5E3653","background_gradient":"linear-gradient(320deg, rgba(134, 16, 106, 1), rgba(94, 54, 83, 1) 100%)","text":"#FDFBF7","button":"#FDFBF7","button_label":"#5E3653","secondary_button_label":"#FDFBF7","shadow":"#2E2A39"}}},"type_header_font":"poppins_n5","heading_scale":120,"type_body_font":"poppins_n4","body_scale":100,"page_width":1200,"spacing_sections":36,"spacing_grid_horizontal":40,"spacing_grid_vertical":40,"animations_reveal_on_scroll":true,"animations_hover_elements":"none","buttons_border_thickness":1,"buttons_border_opacity":55,"buttons_radius":10,"buttons_shadow_opacity":0,"buttons_shadow_horizontal_offset":0,"buttons_shadow_vertical_offset":4,"buttons_shadow_blur":5,"variant_pills_border_thickness":0,"variant_pills_border_opacity":10,"variant_pills_radius":10,"variant_pills_shadow_opacity":0,"variant_pills_shadow_horizontal_offset":0,"variant_pills_shadow_vertical_offset":4,"variant_pills_shadow_blur":5,"inputs_border_thickness":1,"inputs_border_opacity":55,"inputs_radius":10,"inputs_shadow_opacity":0,"inputs_shadow_horizontal_offset":0,"inputs_shadow_vertical_offset":4,"inputs_shadow_blur":5,"card_style":"card","card_image_padding":0,"card_text_alignment":"center","card_color_scheme":"scheme-1","card_border_thickness":0,"card_border_opacity":10,"card_corner_radius":12,"card_shadow_opacity":5,"card_shadow_horizontal_offset":10,"card_shadow_vertical_offset":10,"card_shadow_blur":35,"collection_card_style":"card","collection_card_image_padding":0,"collection_card_text_alignment":"center","collection_card_color_scheme":"scheme-1","collection_card_border_thickness":0,"collection_card_border_opacity":10,"collection_card_corner_radius":12,"collection_card_shadow_opacity":5,"collection_card_shadow_horizontal_offset":10,"collection_card_shadow_vertical_offset":10,"collection_card_shadow_blur":35,"blog_card_style":"card","blog_card_image_padding":0,"blog_card_text_alignment":"center","blog_card_color_scheme":"scheme-1","blog_card_border_thickness":0,"blog_card_border_opacity":10,"blog_card_corner_radius":12,"blog_card_shadow_opacity":5,"blog_card_shadow_horizontal_offset":10,"blog_card_shadow_vertical_offset":10,"blog_card_shadow_blur":35,"text_boxes_border_thickness":0,"text_boxes_border_opacity":10,"text_boxes_radius":24,"text_boxes_shadow_opacity":0,"text_boxes_shadow_horizontal_offset":10,"text_boxes_shadow_vertical_offset":12,"text_boxes_shadow_blur":20,"media_border_thickness":0,"media_border_opacity":10,"media_radius":12,"media_shadow_opacity":10,"media_shadow_horizontal_offset":10,"media_shadow_vertical_offset":12,"media_shadow_blur":20,"popup_border_thickness":1,"popup_border_opacity":10,"popup_corner_radius":22,"popup_shadow_opacity":10,"popup_shadow_horizontal_offset":10,"popup_shadow_vertical_offset":12,"popup_shadow_blur":20,"drawer_border_thickness":1,"drawer_border_opacity":10,"drawer_shadow_opacity":0,"drawer_shadow_horizontal_offset":0,"drawer_shadow_vertical_offset":4,"drawer_shadow_blur":5,"badge_position":"bottom left","badge_corner_radius":20,"sale_badge_color_scheme":"scheme-5","sold_out_badge_color_scheme":"scheme-3","brand_headline":"","brand_description":"<p><\/p>","brand_image_width":"100","social_twitter_link":"","social_facebook_link":"","social_pinterest_link":"","social_instagram_link":"","social_tiktok_link":"","social_tumblr_link":"","social_snapchat_link":"","social_youtube_link":"","social_vimeo_link":"","predictive_search_enabled":true,"predictive_search_show_vendor":false,"predictive_search_show_price":true,"currency_code_enabled":true,"cart_type":"notification","show_vendor":false,"show_cart_note":true,"cart_drawer_collection":"","cart_color_scheme":"scheme-1","sections":{"main-password-header":{"type":"main-password-header","settings":{"color_scheme":"scheme-1"}},"main-password-footer":{"type":"main-password-footer","settings":{"color_scheme":"scheme-1"}}}}}}