{"sections":{"main":{"type":"main-login","settings":{"enable_shop_login_button":true,"padding_top":36,"padding_bottom":72}},"17400493784a142509":{"type":"apps","blocks":{"miniorange_otp_login_register_otp_login_popup_button_fjXKXj":{"type":"shopify:\/\/apps\/miniorange-otp-login-register\/blocks\/otp-login-popup-button\/dba67ab6-2825-41e1-83fd-7500e426945d","settings":{}}},"block_order":["miniorange_otp_login_register_otp_login_popup_button_fjXKXj"],"settings":{"include_margins":true}},"174004937994271662":{"type":"apps","blocks":{"miniorange_otp_login_register_otp_login_VmFApG":{"type":"shopify:\/\/apps\/miniorange-otp-login-register\/blocks\/otp-login\/dba67ab6-2825-41e1-83fd-7500e426945d","settings":{}}},"block_order":["miniorange_otp_login_register_otp_login_VmFApG"],"disabled":true,"settings":{"include_margins":true}}},"order":["main","17400493784a142509","174004937994271662"]}